uid,Formula,alpha_R,G_total_VBM,G_total_CBM,G_wm_h1_VBM,G_wm_h1_CBM,G_wm_h2_VBM,G_wm_h2_CBM
001e03f2c095,SSeW,3.288,0.8469055374592828,1.1813246471226917,128.14905537459276,201.00638436482066,7.0300977198696994,4.20091205211726
03bcf7dcdaf2,Sn2Te2,4.804,0.20137693631669534,0.6721170395869194,14.934251290877798,20.644406196213428,10.01168674698795,60.58092082616181
04fdd7d1ec5c,ClSbTe,1.018,0.009302325581395316,0.21303841676367843,0.8902325581395316,9.209778812572747,0.28316279069767347,10.347473806752026
05a06afa3b20,WMo3Se8,1.643,1.8254608294930879,1.8986175115207375,60.67990783410139,53.902396313364065,116.16698156682027,139.1019470046083
0b7696e1f4c9,CrW3Se8,1.756,0.029713114754098355,0.06096311475409833,2.448688524590164,4.614836065573769,0.3236065573770492,0.24270491803278682
0c0fbdaf8f4a,ClSbSe,2.682,0.6385135135135135,0.055180180180180186,20.293333333333333,4.387747747747748,23.38567567567567,0.9781081081081082
0f02957b17cf,ISbTe,3.658,0.15374507227332446,0.1434210526315788,8.551379763469113,4.197368421052627,6.670405781865961,3.339591315789471
114b3382699c,AsITe,0.579,0.0443349753694581,0.00985221674876848,0.9428571428571421,0.3142857142857145,4.688588793103445,0.31257258620689676
11db0908d9ef,BiBrSe,0.393,0.0030464584920030474,0.0022865853658536627,0.0,0.4778515243902448,0.06085605483625287,0.0
159f028a85d0,CrMo3Te8,0.896,2.6441372247823858,4.373271889400922,36.1958013312852,26.52616487455197,131.80082949308755,164.22294930875572
1667d1443160,TiHf3Te8,1.512,2.8912108174554376,14.21819299323909,200.2115857406269,1339.168672403196,92.07277197295619,3.9997541487404407
18e377cce57f,Ti2Zr2Te8,1.855,6.121226415094336,21.501415094339627,500.0475471698109,258.4501886792453,54.131977358490595,435.2933886792453
18e62ba75259,BrSbTe,2.631,0.1093935790725329,0.007134363852556494,5.462068965517251,0.3034482758620695,3.764280618311541,0.5791200951248525
1a3bdd1b142a,HgTe,0.618,4.788965517241395,2.329655172413786,436.041158620691,104.30679999999974,333.6960000000011,230.91199999999927
1a3be826b3e0,AsClSe,3.717,0.015167930660888364,0.04117009750812575,0.5132827735644623,0.6843770314192862,0.2435154929577458,1.9481239436619753
1dcd471c2288,AsBrS,3.109,0.25323275862068967,0.6716899892357391,6.716068965517241,14.019754574811662,3.633051724137931,31.533203013993624
20f098bd3f31,O2Pb2,1.914,9.405904059040587,0.9741697416974165,568.0797047970477,157.69372693726928,106.62330774907744,3.40946623616236
211bcb7f05d6,GeSe,0.94,0.06020328381548089,0.002345582486317433,3.765879593432371,0.061735731039874835,0.9087099296325262,0.11358874120406556
24d6cc0a0fed,MoW3Se8,2.097,1.6688235294117653,2.630370806356681,180.16320000000005,277.9781989405534,38.996788235294126,79.05591524426134
287dcf4f1a19,Bi2P2S6,1.406,6.563535911602206,0.01420678768745067,119.5823125493291,1.8143523283346485,150.68272296763996,0.15184688239936855
2d41b3dd1772,BiITe,2.086,0.317891373801917,0.23003194888178916,12.852628434504796,25.371422364217256,22.217891373801923,9.172523961661343
2ea941c8bc3c,MoSTe,2.525,2.9083094555873923,1.761604584527221,56.30487106017193,32.466704871060166,213.65205730659022,124.36463037249285
2f6f133abcc8,MoW3S8,2.241,0.0046457607433217155,0.0034843205574912866,0.6405574912891983,0.4270383275261321,0.11142857142857135,0.11142857142857135
304bc6a92d82,BiBrTe,1.13,0.04577742699289659,0.13022888713496444,2.47411681136543,15.009641988950273,3.4241515390686645,5.438358326756115
323fb700d903,WMo3Te8,1.501,1.3317479191438761,4.3256090314913855,44.92166468489893,142.6589661319073,21.39310344827586,34.117647058823536
343d2125478e,ISbSe,1.17,0.38780487804878017,0.6544566544566547,41.785618170731674,15.6500017948718,1.336390243902438,35.680586080586096
3995fa1bee6e,Pb2Te6,3.064,7.95808383233533,0.06686626746506985,260.3441117764472,1.654291417165669,855.1237524950099,7.513373253493011
3bc08d486d65,PbTe,2.18,0.01642710472279262,0.012320328542094465,0.4254620123203288,1.9145790554414797,1.8340862422997959,0.3930184804928134
3e1923c616ad,TiHf3Se8,1.256,0.9807807807807802,1.0024009603841546,31.624354354354338,72.85306122448988,59.13700900900898,12.275294117647064
3fb52099b370,MoCr3S8,1.221,0.013840830449826997,0.3252595155709344,0.1896984676223431,0.9484923381117156,0.6168593178447852,15.678507661888293
40034665f9f1,BiIS,1.254,0.6848998459167956,0.2251349267540479,3.3810388289676454,28.841550963762543,81.05069771186447,5.283609390902085
433f707c632c,BiISe,1.255,0.017107309486780707,0.0,0.0,0.0,1.9736309486780708,0.0
449640ec4d30,Mo2W2S8,1.954,0.4075774971297362,1.8151549942594705,26.5945350172216,113.34337543053954,18.61522388059702,99.79522388059692
49b7be14f786,BiBrS,1.293,0.9349157733537499,0.3192955589586528,33.923311485451684,43.04420183767234,19.27240428790195,4.649849923430327
4c49d27e66e5,ISSb,0.907,0.9195678271308532,0.022836538461538478,106.33771915966396,0.6101176442307698,3.654261704681877,1.3171153846153856
4cb4ea247ef4,Ga2P2Te6,3.828,6.328375286041185,0.593142857142857,547.3368421052627,51.039999999999985,126.36296567505713,11.793147428571425
4da5c6be60db,BrSSb,2.39,0.18912797281993243,0.0011325028312570748,4.964167610419036,0.13789354473386142,4.615066817667053,0.0
4f1ab08988cc,TiZr3Te8,1.679,10.030075187969926,7.214386459802544,1236.5447368421053,351.544898918665,19.71947368421063,226.75189844851928
4fd8ad708fb0,AsClTe,2.895,0.08710407239819,0.004524886877828053,3.8972850678733013,0.2886877828054298,1.864564705882352,0.16950588235294112
52a5e2b280d4,ZrTi3Se8,1.091,13.9145775301764,0.6211699164345408,74.15655710306399,6.776155988857945,758.991086350974,6.598328690807803
548aa830244c,Cr2W2Se8,1.39,0.3153611393692779,6.4562563580874865,12.343275686673454,86.96398779247203,2.570417090539167,27.35084435401832
5974b6403c31,Cr2W2S8,1.592,0.24148296593186372,11.95238095238095,9.763046092184368,113.34496240601506,8.336048096192384,557.8047780451127
5b94060698bc,ISSb,2.844,0.0036719706242350015,0.0036674816625916927,0.0,0.1551399388753059,0.14903304773561793,0.29770171149144303
5c3fe56a1a89,MoW3Te8,2.045,2.010928961748634,0.026108075288403167,222.6841530054645,3.4602550091074695,36.80024286581664,0.0
5d1a32a28ffa,P2Sb2Se6,2.546,0.01886792452830189,0.11084905660377362,0.28716981132075475,4.307547169811322,1.1173584905660379,3.8176415094339626
5d829e480507,AsISe,1.626,0.524647887323944,0.0082256169212691,24.1297231690141,0.29824787309048195,19.83267605633804,0.09278495887191543
5e4ff1f56b4a,PbS,1.241,0.6960784313725499,0.004901960784313731,33.31450980392162,0.812549019607844,17.16420588235296,0.03143627450980396
60065d3bbcf2,Cr2Mo2Se8,1.173,0.12835820895522393,2.251741293532337,3.2457313432835826,27.111402985074616,1.2570746268656723,10.056597014925362
62bb754c4cb2,Cr2W2Te8,1.535,4.638743455497383,0.021465968586387434,197.41143455497385,0.6737591623036648,57.92104712041888,0.2672251308900524
644f7c1c85c7,CrMo3S8,1.46,0.7321164282190435,1.7719644619940769,35.92425259003456,68.71122408687069,13.569776467686243,48.22343134254688
6523c349753c,WCr3Te8,0.99,10.593167701863354,0.7224236147074056,196.30534161490684,13.423842568617298,132.42132505175988,7.2687726566545825
671e6de2497a,AsBrTe,0.694,0.011454753722794968,0.2981651376146791,0.2923253150057276,10.974770642201843,0.5491683848797254,6.322678899082573
6e2a4c6f4f57,SeTeW,1.394,0.681924882629108,0.010563380281690135,105.51380281690143,1.9419718309859146,8.386854460093897,0.0
70cbc0e44d36,BiISe,2.089,0.6630007855459545,0.9748822605965449,19.371317517674786,115.64456985871259,26.218284061272588,26.596148736263693
70e7ab872359,HfZr3Se8,0.95,0.003691739732348864,0.010152284263959397,0.0,0.41183664051684377,0.0,0.715647438855561
72b286460831,Cr2Mo2S8,1.344,7.990608007909039,14.996541501976287,199.2308156203656,98.12045454545452,255.09703040039523,684.041578409091
75ee10091f43,STeW,3.947,0.2867052023121387,0.22453703703703698,38.46825433526011,36.17222222222221,0.885086705202312,2.5106481481481473
7a8373382b33,S2Sn2,4.469,0.9509151414309478,0.2914238134887597,41.183086522462524,25.896769358867637,19.36704658901829,2.3494754371357227
7fe9c5cb910c,BiClSe,0.746,0.0007575757575757569,0.28009084027252107,0.0,35.27829613928845,0.05981818181818176,6.037062831188498
81af2831dbb2,Hf2Zr2Se8,0.698,5.281944444444449,0.42037037037036995,84.3695787037038,29.087259259259234,30.323533333333376,16.090899999999984
82b85dfd7723,P2Sb2Te6,2.596,0.05228758169934639,0.00522875816993464,5.337516339869279,0.166797385620915,0.6366535947712418,0.15916339869281046
846b50801a93,Ti2Zr2Se8,1.767,7.571892393320968,0.04406307977736553,50.81633766233771,1.2693506493506506,488.629090909091,0.2929870129870133
899032b4ad0c,MoCr3Te8,1.409,1.7826310380267212,6.0734840698869474,17.638437821171635,24.720041109969173,20.36136690647482,16.072168550873588
916afba26723,STeW,3.622,8.392652123995411,2.7347876004592417,1199.9200918484507,364.30291618828926,176.67692307692317,54.936854190585535
961c37d6e527,MoCr3Se8,0.977,0.15642178910544732,0.008499999999999997,1.7740029985007502,0.0,1.1838080959520245,0.0
968a6902b7f5,BiClTe,1.175,0.10919088766692854,1.4634721131186177,5.0890749410840534,173.19271170463477,10.624980361351142,65.45388845247447
988b11badabb,Cr2Mo2Te8,1.105,4.3821721311475414,0.0030737704918032786,53.60245901639348,0.0,113.87960040983609,0.09829918032786886
99fd027b1d0b,BiClS,0.461,1.2087087087087087,0.0030007501875468925,44.87116696696697,0.6270979744936246,12.69600675675676,0.0
9c2979187585,WMo3S8,1.816,0.04206935758953953,3.5935190449118823,1.2541671404206938,104.51392836839116,2.508948266060262,263.5486526435475
a0dbdc6630fa,PbSe,1.603,0.12698412698412698,0.005958291956305858,5.344444444444444,0.8230387288977158,7.989999999999998,0.1568222442899702
a148361e5e9a,TiZr3Se8,1.321,0.8030513176144247,0.23428835489833627,6.115339805825244,10.11726432532347,56.363495145631084,2.7001109057301274
a1d716aad84d,Mo2W2Se8,1.784,0.312463428905793,0.02808660035108251,20.653762434172034,1.7211468695143362,14.708180222352258,1.5718665886483327
a7233837cfe9,CrMo3Se8,1.311,2.5327009485771352,0.10983524712930604,124.67889166250627,4.167139291063405,25.38703944083877,0.6307338991512731
a80866a2c6b4,BiClSe,3.032,0.9432515337423323,0.019938650306748424,43.11022055214729,2.403915644171774,46.14073619631906,0.42386503067484566
a84d988e38ac,BiITe,0.467,0.0063191153238546585,0.007109004739336491,0.0,0.990428436018957,0.4031595576619272,0.2015797788309636
a9f87eba4b96,CrW3S8,1.909,1.6253151790216849,0.43923348461926365,138.87661119515892,33.09676248108925,33.16947377710541,11.484766414523447
aa9a981d89aa, ,4.457,0.2690763052208839,0.01124497991967871,6.210662489959848,1.007134457831325,15.79200000000002,0.3805301204819276
acdcd16c0d76,BiIS,1.858,0.012490241998438732,0.8073322932917311,0.16313848555815785,100.25190795631819,1.188800655737706,24.05443542121683
b13beafa16aa,AsIS,2.033,0.09195402298850554,0.003452243958573074,7.730961965517224,0.1460350632911393,0.8611678160919521,0.17243176064441892
b8fb10416122,ZrHf3Se8,0.725,10.157017137563663,0.10092592592592603,282.16135710977255,10.659819444444455,37.52057063455296,2.196133333333336
badda86cab42,BiClTe,1.458,0.05585725368502724,0.0,1.9455118696664109,0.0,5.543522110162926,0.0
c04fc052f2ca,Mo2W2Te8,1.645,2.3375527426160336,3.499698613622663,156.0257504520796,257.5311392405062,41.22579867389996,29.611814345991533
c55716558616,HfTi3Se8,1.191,0.09873570138470793,3.0938628158844783,1.5044310656231175,58.6375090252708,4.325924142083078,32.87624548736465
c798e725e2fb,WCr3Se8,1.16,0.027582748244734202,0.4528585757271817,0.5531795386158475,1.9361283851554671,0.0,1.4255566700100306
c96ef4fc869c,BiClS,1.181,0.004545454545454557,0.17803030303030287,0.15831848484848526,25.330957575757555,0.026858333333333404,0.859466666666666
cce78d90e899,Hf2Ti2Se8,1.409,4.179626280892109,4.918625678119344,112.43040988547341,202.48232670283286,225.8855696202534,56.82835443037971
cf7927ab6730,Bi2P2Te6,1.814,0.13007456503728249,0.002483443708609271,3.1165262634631308,0.17299701986754965,12.685998342999167,0.21125827814569534
d59c96fdfda1,SeSn,0.873,0.010407632263660021,0.0008680555555555558,0.41183000867302694,0.0,0.5478577623590635,0.06854166666666668
da5fd2bb47af,ClSbTe,2.891,0.36713286713286764,0.41306884480746847,18.58974358974362,16.97362893815638,14.191142191142212,30.68863477246212
dc4259e69783,WCr3S8,1.317,0.11320754716981143,0.30899155489319413,2.0994637537239345,1.3698956780923992,4.672936494538237,15.007319473422747
de5756e4fbfa,BiBrSe,2.784,2.207269914926524,0.9829984544049463,86.63069945862323,124.67764204018552,37.75819334880118,12.720420401854717
df0019ec24b5,ISbSe,2.431,0.3135068153655523,0.6893564356435645,12.108604944237952,23.087818180693077,7.393110285006218,50.331485148514865
e688959ea45b,SnTe,0.806,0.0125335720680394,0.09668755595344682,1.3708146821844236,4.4551477170993765,0.2125514771709939,7.33302596239929
eadd37f03ca5,GeTe,0.952,0.13172690763052225,0.020900321543408353,12.503775100401619,0.9231511254019289,2.450506024096389,0.9926688102893886
eef072f845ce,CrW3Te8,1.592,0.2991587802313354,2.751840168243954,25.130599369085175,210.8070662460568,3.7568874868559416,19.455310199789686
f1e78a09001d,BrSbTe,1.315,0.018957345971563927,0.13048635824436564,0.9071090047393339,5.449110320284708,0.43279620853080447,6.355207591933585
f4f45fcade85,BiBrTe,0.498,0.0015612802498048415,0.2576112412177984,0.0,29.36492740046836,0.19921935987509776,11.355503512880551
f705a30af945,ClSbSe,1.483,0.20922384701912214,0.002247191011235956,5.478515185601788,0.13680898876404501,7.1055118110236055,0.08871910112359555
fba4cc0df459,AsClTe,0.634,0.4191750278706795,0.00222965440356745,22.191304347826055,0.0,9.605333333333322,0.16704927536231906
